Title,Price,Shipping,Item Condition
No title available,$20.00,No shipping info,Brand New
No title available,$20.00,No shipping info,Brand New
No title available,£199.80,+ £26.37 postage,Excellent - Refurbished
No title available,£100.69,+ £15.67 postage,Pre-owned
No title available,£180.18 to £266.37,+ £20.82 postage,New (other)
No title available,£340.84 to £343.98,+ £30.62 postage,New (other)
No title available,£215.00,+ £65.00 postage,Brand new
No title available,£4.99 to £6.99,+ £10.00 postage,Brand new
No title available,£51.00,+ £15.00 postage,Pre-owned
No title available,£229.99,Free international postage,Very Good - Refurbished
No title available,£129.99,Free international postage,Good - Refurbished
No title available,£124.99,Free international postage,Good - Refurbished
No title available,£391.76,+ £32.47 postage,Excellent - Refurbished
No title available,£34.48,+ £21.49 postage,Good - Refurbished
No title available,£162.19,+ £19.13 postage,Good - Refurbished
No title available,£152.76,+ £24.99 postage,Very Good - Refurbished
No title available,£156.47,+ £25.09 postage,Excellent - Refurbished
No title available,£210.77,+ £20.57 postage,New (other)
No title available,£215.00,+ £18.99 postage,Pre-owned
No title available,£28.16,+ £3.41 postage,Pre-owned
No title available,£195.89,+ £47.70 postage,Pre-owned
No title available,£279.00 to £328.00,+ £18.99 postage,Brand new
No title available,£17.99,+ £29.99 postage,Pre-owned
No title available,£67.38 to £71.30,Free international postage,New (other)
No title available,£141.00 to £266.37,+ £20.12 postage,New (other)
No title available,£180.18 to £289.87,+ £20.82 postage,New (other)
No title available,£22.95,+ £25.00 postage,Opened – never used
No title available,"£1,626.15",+ £38.51 postage,Brand new
No title available,£85.62,Postage not specified,Pre-owned
No title available,£513.52,Free international postage,Pre-owned
No title available,£11.75,+ £31.44 postage,New (other)
No title available,£44.99,+ £10.00 postage,Pre-owned
No title available,£94.03,+ £19.59 postage,New (other)
No title available,£335.00 to £445.00,+ £50.00 postage,Pre-owned
No title available,"£1,037.41",+ £31.34 postage,Brand new
No title available,£385.14,+ £12.40 postage,Pre-owned
No title available,£115.00,+ £10.00 postage,Pre-owned
No title available,£3.99 to £6.99,+ £10.00 postage,Brand new
No title available,£92.46 to £101.47,+ £3.13 postage,New (other)
No title available,£49.99,+ £20.00 postage,Pre-owned
No title available,£336.73 to £509.89,+ £7.84 postage,Brand new
No title available,£78.24 to £195.77,+ £25.21 postage,New (other)
No title available,£235.06,+ £7.84 postage,Pre-owned
No title available,£3.99 to £7.99,+ £10.00 postage,Brand new
No title available,£95.35 to £115.00,+ £15.00 postage,Pre-owned
No title available,£705.15,+ £41.72 postage,New (other)
No title available,£236.73,+ £25.25 postage,Pre-owned
No title available,£5.99,+ £10.00 postage,Brand new
No title available,£176.29,+ £25.68 postage,Good - Refurbished
No title available,£250.10 to £349.11,+ £7.84 postage,Brand new
No title available,£34.99,+ £29.99 postage,Pre-owned
No title available,£109.69,+ £23.71 postage,New (other)
No title available,£44.83,+ £44.86 postage,Pre-owned
No title available,£50.93,+ £21.98 postage,New (other)
No title available,£352.60,+ £31.34 postage,Pre-owned
No title available,£190.00 to £440.00,+ £50.00 postage,Pre-owned
No title available,£79.00,Free international postage,Brand new
No title available,£51.31,+ £17.12 postage,Pre-owned
No title available,£34.23,+ £12.83 postage,Pre-owned
No title available,£3.99 to £7.99,+ £10.00 postage,Brand new
No title available,£61.93,+ £209.75 postage,Pre-owned
No title available,£685.60,+ £53.67 postage,New (other)
No title available,£100.00 to £170.00,+ £50.00 postage,Pre-owned
No title available,£28.99,Free international postage,Brand new
No title available,£88.41,Free international postage,Pre-owned
No title available,£62.68,+ £22.76 postage,New (other)
No title available,£50.50,+ £5.91 postage,Pre-owned
No title available,£3.99 to £6.99,+ £10.00 postage,Brand new
No title available,£212.14 to £509.89,+ £7.84 postage,Brand new
No title available,£313.41 to £336.92,+ £30.16 postage,Excellent - Refurbished
